{
    "United States": "North America",
    "Canada": "North America",
    "Mexico": "North America",
    "Bahamas": "North America",
    "Barbados": "North America",
    "Belize": "North America",
    "Bermuda": "North America",
    "Costa Rica": "North America",
    "Cuba": "North America",
    "Dominican Republic": "North America",
    "El Salvador": "North America",
    "Greenland": "North America",
    "Guadeloupe": "North America",
    "Guatemala": "North America",
    "Haiti": "North America",
    "Honduras": "North America",
    "Jamaica": "North America",
    "Martinique": "North America",
    "Nicaragua": "North America",
    "Panama": "North America",
    "Puerto Rico": "North America",
    "Saint Kitts and Nevis": "North America",
    "Saint Lucia": "North America",
    "Saint Vincent and the Grenadines": "North America",
    "Trinidad and Tobago": "North America",
    "Argentina": "South America",
    "Bolivia": "South America",
    "Brazil": "South America",
    "Chile": "South America",
    "Colombia": "South America",
    "Ecuador": "South America",
    "Guyana": "South America",
    "Paraguay": "South America",
    "Peru": "South America",
    "Suriname": "South America",
    "Uruguay": "South America",
    "Venezuela": "South America",
    "United Kingdom": "Europe",
    "Germany": "Europe",
    "France": "Europe",
    "Italy": "Europe",
    "Spain": "Europe",
    "Ukraine": "Europe",
    "Poland": "Europe",
    "Romania": "Europe",
    "Netherlands": "Europe",
    "Belgium": "Europe",
    "Czech Republic": "Europe",
    "Greece": "Europe",
    "Portugal": "Europe",
    "Sweden": "Europe",
    "Hungary": "Europe",
    "Belarus": "Europe",
    "Austria": "Europe",
    "Serbia": "Europe",
    "Switzerland": "Europe",
    "Bulgaria": "Europe",
    "Denmark": "Europe",
    "Finland": "Europe",
    "Slovakia": "Europe",
    "Norway": "Europe",
    "Ireland": "Europe",
    "Croatia": "Europe",
    "Moldova": "Europe",
    "Bosnia and Herzegovina": "Europe",
    "Albania": "Europe",
    "Lithuania": "Europe",
    "Macedonia": "Europe",
    "Slovenia": "Europe",
    "Latvia": "Europe",
    "Estonia": "Europe",
    "Montenegro": "Europe",
    "Luxembourg": "Europe",
    "Malta": "Europe",
    "Iceland": "Europe",
    "Andorra": "Europe",
    "Monaco": "Europe",
    "Liechtenstein": "Europe",
    "San Marino": "Europe",
    "Holy See": "Europe",
    "Turkey": "Middle East",
    "Iran": "Middle East",
    "Iraq": "Middle East",
    "Saudi Arabia": "Middle East",
    "Yemen": "Middle East",
    "Syria": "Middle East",
    "Jordan": "Middle East",
    "Azerbaijan": "Middle East",
    "United Arab Emirates": "Middle East",
    "Israel": "Middle East",
    "Lebanon": "Middle East",
    "Oman": "Middle East",
    "State of Palestine": "Middle East",
    "Kuwait": "Middle East",
    "Georgia": "Middle East",
    "Armenia": "Middle East",
    "Qatar": "Middle East",
    "Bahrain": "Middle East",
    "Cyprus": "Middle East",
    "China": "Asia+Oceania",
    "India": "Asia+Oceania",
    "Indonesia": "Asia+Oceania",
    "Pakistan": "Asia+Oceania",
    "Bangladesh": "Asia+Oceania",
    "Japan": "Asia+Oceania",
    "Philippines": "Asia+Oceania",
    "Vietnam": "Asia+Oceania",
    "Thailand": "Asia+Oceania",
    "Myanmar": "Asia+Oceania",
    "South Korea": "Asia+Oceania",
    "Afghanistan": "Asia+Oceania",
    "Uzbekistan": "Asia+Oceania",
    "Malaysia": "Asia+Oceania",
    "Nepal": "Asia+Oceania",
    "North Korea": "Asia+Oceania",
    "Sri Lanka": "Asia+Oceania",
    "Kazakhstan": "Asia+Oceania",
    "Cambodia": "Asia+Oceania",
    "Tajikistan": "Asia+Oceania",
    "Laos": "Asia+Oceania",
    "Kyrgyzstan": "Asia+Oceania",
    "Turkmenistan": "Asia+Oceania",
    "Singapore": "Asia+Oceania",
    "Mongolia": "Asia+Oceania",
    "Timor-Leste": "Asia+Oceania",
    "Bhutan": "Asia+Oceania",
    "Maldives": "Asia+Oceania",
    "Brunei Darussalam": "Asia+Oceania",
    "Australia": "Asia+Oceania",
    "Papua New Guinea": "Asia+Oceania",
    "New Zealand": "Asia+Oceania",
    "Fiji": "Asia+Oceania",
    "Solomon Islands": "Asia+Oceania",
    "Micronesia (Federated States of)": "Asia+Oceania",
    "Vanuatu": "Asia+Oceania",
    "Samoa": "Asia+Oceania",
    "Kiribati": "Asia+Oceania",
    "Tonga": "Asia+Oceania",
    "Marshall Islands": "Asia+Oceania",
    "Palau": "Asia+Oceania",
    "Tuvalu": "Asia+Oceania",
    "Nauru": "Asia+Oceania",
    "Nigeria": "Africa",
    "Ethiopia": "Africa",
    "Egypt": "Africa",
    "DR Congo": "Africa",
    "South Africa": "Africa",
    "Tanzania": "Africa",
    "Kenya": "Africa",
    "Uganda": "Africa",
    "Algeria": "Africa",
    "Sudan": "Africa",
    "Morocco": "Africa",
    "Angola": "Africa",
    "Mozambique": "Africa",
    "Ghana": "Africa",
    "Madagascar": "Africa",
    "Cameroon": "Africa",
    "Côte d'Ivoire": "Africa",
    "Niger": "Africa",
    "Burkina Faso": "Africa",
    "Mali": "Africa",
    "Malawi": "Africa",
    "Zambia": "Africa",
    "Senegal": "Africa",
    "Chad": "Africa",
    "Somalia": "Africa",
    "Zimbabwe": "Africa",
    "Guinea": "Africa",
    "Rwanda": "Africa",
    "Benin": "Africa",
    "Burundi": "Africa",
    "Tunisia": "Africa",
    "South Sudan": "Africa",
    "Togo": "Africa",
    "Sierra Leone": "Africa",
    "Libya": "Africa",
    "Congo": "Africa",
    "Liberia": "Africa",
    "Central African Republic": "Africa",
    "Mauritania": "Africa",
    "Eritrea": "Africa",
    "Namibia": "Africa",
    "Gambia": "Africa",
    "Botswana": "Africa",
    "Gabon": "Africa",
    "Lesotho": "Africa",
    "Guinea-Bissau": "Africa",
    "Equatorial Guinea": "Africa",
    "Mauritius": "Africa",
    "Eswatini": "Africa",
    "Djibouti": "Africa",
    "Réunion": "Africa",
    "Comoros": "Africa",
    "Cabo Verde": "Africa",
    "Western Sahara": "Africa",
    "Sao Tome and Principe": "Africa",
    "Seychelles": "Africa",
    "Antarctica": "Antarctica",
    "Unknown": "Unknown",
    "-": "Unknown",
    "null": "Unknown"
}
